{
  "run_id": "xgb_h20_first_batch_alpha_sanity_v1",
  "status": "sanity_run_not_primary_experiment",
  "model_family": "XGBoost",
  "horizon": 20,
  "final_holdout_viewed": false,
  "alpha_ids": [
    "003",
    "004",
    "006",
    "012",
    "013",
    "016",
    "020",
    "033",
    "101"
  ],
  "excluded_symbols": [
    "HUBB"
  ],
  "exclusion_reason": "HUBB has one adjusted OHLC range-inconsistent row on 2021-05-05 in the local frozen snapshot; excluded only for this sanity run.",
  "bars_rows": 1375565,
  "raw_symbols_loaded": 503,
  "dataset_rows": 1225807,
  "dataset_symbols": 502,
  "feature_count": 9,
  "fold_count": 5,
  "prediction_rows": 310547,
  "xgboost_config": {
    "n_estimators": 100,
    "max_depth": 3,
    "learning_rate": 0.03,
    "subsample": 0.8,
    "colsample_bytree": 0.8,
    "reg_lambda": 10.0,
    "reg_alpha": 0.0,
    "min_child_weight": 20.0,
    "random_state": 20260416,
    "n_jobs": 4,
    "tree_method": "hist"
  },
  "horizon_summary": [
    {
      "horizon": 20,
      "n_dates": 630,
      "mean_rank_ic": 0.017147161496135013,
      "positive_rate": 0.5301587301587302,
      "ic_std": 0.11772642706330062,
      "icir": 0.14565261109058472,
      "hac_lag": 6,
      "hac_se": 0.008488364336335536,
      "hac_t_stat": 2.020078405769458,
      "p_value_one_sided": 0.02168762768601511,
      "p_value_two_sided": 0.04337525537203022,
      "bootstrap_block_length": 25,
      "bootstrap_ci_lower": -0.003604087114111646,
      "bootstrap_ci_upper": 0.0345571505276272
    }
  ],
  "fold_summary": [
    {
      "horizon": 20,
      "fold_id": "fold_001",
      "n_dates": 126,
      "mean_rank_ic": 0.02998336363475489,
      "positive_rate": 0.5555555555555556,
      "ic_std": 0.13367050035416567,
      "icir": 0.22430800779014587,
      "hac_lag": 4,
      "hac_se": 0.02048724099677257,
      "hac_t_stat": 1.4635139811885005,
      "p_value_one_sided": 0.0716633953907939,
      "p_value_two_sided": 0.1433267907815878,
      "bootstrap_block_length": 11,
      "bootstrap_ci_lower": -0.02415870781079578,
      "bootstrap_ci_upper": 0.07541890201157876
    },
    {
      "horizon": 20,
      "fold_id": "fold_002",
      "n_dates": 126,
      "mean_rank_ic": 0.030030858610180358,
      "positive_rate": 0.6111111111111112,
      "ic_std": 0.13256887847239585,
      "icir": 0.22653023059581465,
      "hac_lag": 4,
      "hac_se": 0.02071029263189026,
      "hac_t_stat": 1.450045112541676,
      "p_value_one_sided": 0.07352296974813298,
      "p_value_two_sided": 0.14704593949626596,
      "bootstrap_block_length": 11,
      "bootstrap_ci_lower": -0.00647173228878186,
      "bootstrap_ci_upper": 0.07615902329293359
    },
    {
      "horizon": 20,
      "fold_id": "fold_003",
      "n_dates": 126,
      "mean_rank_ic": 0.010274996774275838,
      "positive_rate": 0.5079365079365079,
      "ic_std": 0.11492412318746446,
      "icir": 0.0894067884904829,
      "hac_lag": 4,
      "hac_se": 0.016784721868195726,
      "hac_t_stat": 0.6121636602001287,
      "p_value_one_sided": 0.27021474103221615,
      "p_value_two_sided": 0.5404294820644323,
      "bootstrap_block_length": 11,
      "bootstrap_ci_lower": -0.03135560071081079,
      "bootstrap_ci_upper": 0.04352321575390833
    },
    {
      "horizon": 20,
      "fold_id": "fold_004",
      "n_dates": 126,
      "mean_rank_ic": 0.0013530809728595173,
      "positive_rate": 0.4444444444444444,
      "ic_std": 0.10420997632957407,
      "icir": 0.01298417887151484,
      "hac_lag": 4,
      "hac_se": 0.01443191828764265,
      "hac_t_stat": 0.09375614148384522,
      "p_value_one_sided": 0.46265143609121223,
      "p_value_two_sided": 0.9253028721824245,
      "bootstrap_block_length": 11,
      "bootstrap_ci_lower": -0.03410371264025465,
      "bootstrap_ci_upper": 0.0278485782789563
    },
    {
      "horizon": 20,
      "fold_id": "fold_005",
      "n_dates": 126,
      "mean_rank_ic": 0.014093507488604459,
      "positive_rate": 0.5317460317460317,
      "ic_std": 0.09792661942424313,
      "icir": 0.14391906482085104,
      "hac_lag": 4,
      "hac_se": 0.013533827747530336,
      "hac_t_stat": 1.041354135098716,
      "p_value_one_sided": 0.14885561029420097,
      "p_value_two_sided": 0.29771122058840194,
      "bootstrap_block_length": 11,
      "bootstrap_ci_lower": -0.014264689696537724,
      "bootstrap_ci_upper": 0.04657617688952933
    }
  ]
}