{
  "run_id": "xgb_h20_full52_primary_v1",
  "cell_id": "H20_XGB",
  "status": "primary_family_research_period_only",
  "preregistration_id": "SP500RA-V1-R1",
  "model_family": "XGBoost",
  "horizon": 20,
  "final_holdout_viewed": false,
  "excluded_symbols": [
    "HUBB"
  ],
  "bars_rows": 1375565,
  "raw_symbols_loaded": 503,
  "dataset_rows": 1225807,
  "dataset_symbols": 502,
  "feature_count": 52,
  "alpha_ids": [
    "001",
    "002",
    "003",
    "004",
    "006",
    "007",
    "008",
    "009",
    "010",
    "012",
    "013",
    "014",
    "015",
    "016",
    "017",
    "018",
    "019",
    "020",
    "021",
    "022",
    "023",
    "024",
    "026",
    "028",
    "029",
    "030",
    "031",
    "033",
    "034",
    "035",
    "037",
    "038",
    "039",
    "040",
    "043",
    "044",
    "045",
    "046",
    "049",
    "051",
    "052",
    "053",
    "054",
    "055",
    "060",
    "068",
    "085",
    "088",
    "092",
    "095",
    "099",
    "101"
  ],
  "fold_count": 5,
  "prediction_rows": 310547,
  "xgboost_config": {
    "n_estimators": 200,
    "max_depth": 3,
    "learning_rate": 0.03,
    "subsample": 0.8,
    "colsample_bytree": 0.8,
    "reg_lambda": 10.0,
    "reg_alpha": 0.0,
    "min_child_weight": 20.0,
    "random_state": 20260416,
    "n_jobs": 4,
    "tree_method": "hist"
  },
  "horizon_summary": [
    {
      "horizon": 20,
      "n_dates": 630,
      "mean_rank_ic": 0.016468436462742268,
      "positive_rate": 0.5428571428571428,
      "ic_std": 0.14407245274666658,
      "icir": 0.11430662939916736,
      "hac_lag": 6,
      "hac_se": 0.012625133899585595,
      "hac_t_stat": 1.3044167763862546,
      "p_value_one_sided": 0.09604575911066278,
      "p_value_two_sided": 0.19209151822132556,
      "bootstrap_block_length": 25,
      "bootstrap_ci_lower": -0.01656991190453302,
      "bootstrap_ci_upper": 0.04858442451979755
    }
  ],
  "fold_summary": [
    {
      "horizon": 20,
      "fold_id": "fold_001",
      "n_dates": 126,
      "mean_rank_ic": 0.040260363648674066,
      "positive_rate": 0.5873015873015873,
      "ic_std": 0.17389331746952455,
      "icir": 0.2315233514118784,
      "hac_lag": 4,
      "hac_se": 0.03165858339014096,
      "hac_t_stat": 1.2717045217257528,
      "p_value_one_sided": 0.10173906170976527,
      "p_value_two_sided": 0.20347812341953053,
      "bootstrap_block_length": 11,
      "bootstrap_ci_lower": -0.04928726905882099,
      "bootstrap_ci_upper": 0.12180279995208927
    },
    {
      "horizon": 20,
      "fold_id": "fold_002",
      "n_dates": 126,
      "mean_rank_ic": 0.030404683163247855,
      "positive_rate": 0.6507936507936508,
      "ic_std": 0.16030722120971558,
      "icir": 0.18966508765985116,
      "hac_lag": 4,
      "hac_se": 0.026914043388498104,
      "hac_t_stat": 1.1296958515063367,
      "p_value_one_sided": 0.12930220294519268,
      "p_value_two_sided": 0.25860440589038536,
      "bootstrap_block_length": 11,
      "bootstrap_ci_lower": -0.014113544135746827,
      "bootstrap_ci_upper": 0.0910717181525095
    },
    {
      "horizon": 20,
      "fold_id": "fold_003",
      "n_dates": 126,
      "mean_rank_ic": -0.014344318427960863,
      "positive_rate": 0.5,
      "ic_std": 0.11236646557264321,
      "icir": -0.12765657756394838,
      "hac_lag": 4,
      "hac_se": 0.017159752640834802,
      "hac_t_stat": -0.8359280420992728,
      "p_value_one_sided": 0.7984023071777974,
      "p_value_two_sided": 0.4031953856444052,
      "bootstrap_block_length": 11,
      "bootstrap_ci_lower": -0.05962338600930222,
      "bootstrap_ci_upper": 0.028026785460924426
    },
    {
      "horizon": 20,
      "fold_id": "fold_004",
      "n_dates": 126,
      "mean_rank_ic": 0.017882895724306177,
      "positive_rate": 0.5396825396825397,
      "ic_std": 0.13930204234798854,
      "icir": 0.1283749715573671,
      "hac_lag": 4,
      "hac_se": 0.024636165387650545,
      "hac_t_stat": 0.7258798373415043,
      "p_value_one_sided": 0.23395621898416807,
      "p_value_two_sided": 0.46791243796833615,
      "bootstrap_block_length": 11,
      "bootstrap_ci_lower": -0.04808732164305342,
      "bootstrap_ci_upper": 0.074284924541502
    },
    {
      "horizon": 20,
      "fold_id": "fold_005",
      "n_dates": 126,
      "mean_rank_ic": 0.008138558205444105,
      "positive_rate": 0.4365079365079365,
      "ic_std": 0.12118031427124226,
      "icir": 0.06716072865785178,
      "hac_lag": 4,
      "hac_se": 0.02152610915667724,
      "hac_t_stat": 0.37807846026459385,
      "p_value_one_sided": 0.35268615450647156,
      "p_value_two_sided": 0.7053723090129431,
      "bootstrap_block_length": 11,
      "bootstrap_ci_lower": -0.03645650330190213,
      "bootstrap_ci_upper": 0.06961377270433308
    }
  ]
}