{
  "run_id": "xgb_h05_full52_primary_v1",
  "cell_id": "H05_XGB",
  "status": "primary_family_research_period_only",
  "preregistration_id": "SP500RA-V1-R1",
  "model_family": "XGBoost",
  "horizon": 5,
  "final_holdout_viewed": false,
  "excluded_symbols": [
    "HUBB"
  ],
  "bars_rows": 1375565,
  "raw_symbols_loaded": 503,
  "dataset_rows": 1225807,
  "dataset_symbols": 502,
  "feature_count": 52,
  "fold_count": 5,
  "prediction_rows": 310547,
  "xgboost_config": {
    "n_estimators": 200,
    "max_depth": 3,
    "learning_rate": 0.03,
    "subsample": 0.8,
    "colsample_bytree": 0.8,
    "reg_lambda": 10.0,
    "reg_alpha": 0.0,
    "min_child_weight": 20.0,
    "random_state": 20260416,
    "n_jobs": 4,
    "tree_method": "hist"
  },
  "horizon_summary": [
    {
      "horizon": 5,
      "n_dates": 630,
      "mean_rank_ic": 0.018296789145424375,
      "positive_rate": 0.5333333333333333,
      "ic_std": 0.15644586082358333,
      "icir": 0.11695284905016955,
      "hac_lag": 6,
      "hac_se": 0.01018881324485333,
      "hac_t_stat": 1.795772354024314,
      "p_value_one_sided": 0.0362653646274113,
      "p_value_two_sided": 0.0725307292548226,
      "bootstrap_block_length": 25,
      "bootstrap_ci_lower": -0.0012767886803327592,
      "bootstrap_ci_upper": 0.03558425776460372
    }
  ],
  "fold_summary": [
    {
      "horizon": 5,
      "fold_id": "fold_001",
      "n_dates": 126,
      "mean_rank_ic": 0.04042812916665483,
      "positive_rate": 0.5793650793650794,
      "ic_std": 0.183038834851262,
      "icir": 0.2208718668882856,
      "hac_lag": 4,
      "hac_se": 0.02665123053414989,
      "hac_t_stat": 1.5169329279130934,
      "p_value_one_sided": 0.06464180952022512,
      "p_value_two_sided": 0.12928361904045024,
      "bootstrap_block_length": 11,
      "bootstrap_ci_lower": -0.00921275517634601,
      "bootstrap_ci_upper": 0.08822476764405973
    },
    {
      "horizon": 5,
      "fold_id": "fold_002",
      "n_dates": 126,
      "mean_rank_ic": -0.002893427761524646,
      "positive_rate": 0.49206349206349204,
      "ic_std": 0.17260180417059048,
      "icir": -0.016763600910364385,
      "hac_lag": 4,
      "hac_se": 0.024703548925572343,
      "hac_t_stat": -0.11712599554995354,
      "p_value_one_sided": 0.5466198949792258,
      "p_value_two_sided": 0.9067602100415483,
      "bootstrap_block_length": 11,
      "bootstrap_ci_lower": -0.0481155157935018,
      "bootstrap_ci_upper": 0.04890679386998513
    },
    {
      "horizon": 5,
      "fold_id": "fold_003",
      "n_dates": 126,
      "mean_rank_ic": -0.00778347030275958,
      "positive_rate": 0.4444444444444444,
      "ic_std": 0.15979794409577874,
      "icir": -0.048708200514109054,
      "hac_lag": 4,
      "hac_se": 0.022454978906045905,
      "hac_t_stat": -0.34662558959981543,
      "p_value_one_sided": 0.6355636906295314,
      "p_value_two_sided": 0.7288726187409371,
      "bootstrap_block_length": 11,
      "bootstrap_ci_lower": -0.0601981640105583,
      "bootstrap_ci_upper": 0.0239364660024717
    },
    {
      "horizon": 5,
      "fold_id": "fold_004",
      "n_dates": 126,
      "mean_rank_ic": 0.03667145737750714,
      "positive_rate": 0.6190476190476191,
      "ic_std": 0.12448699627032705,
      "icir": 0.29458062670155544,
      "hac_lag": 4,
      "hac_se": 0.01465574784836225,
      "hac_t_stat": 2.502189431541366,
      "p_value_one_sided": 0.0061713931807824505,
      "p_value_two_sided": 0.012342786361564901,
      "bootstrap_block_length": 11,
      "bootstrap_ci_lower": 0.01175374261292273,
      "bootstrap_ci_upper": 0.06786518276624925
    },
    {
      "horizon": 5,
      "fold_id": "fold_005",
      "n_dates": 126,
      "mean_rank_ic": 0.025061257247244152,
      "positive_rate": 0.5317460317460317,
      "ic_std": 0.12967014550219225,
      "icir": 0.19326929225062417,
      "hac_lag": 4,
      "hac_se": 0.01776173361428142,
      "hac_t_stat": 1.4109690974699403,
      "p_value_one_sided": 0.0791268630820581,
      "p_value_two_sided": 0.1582537261641162,
      "bootstrap_block_length": 11,
      "bootstrap_ci_lower": -0.012151392599589887,
      "bootstrap_ci_upper": 0.06087807281731999
    }
  ]
}